-- phpMyAdmin SQL Dump
-- version 5.2.1
-- https://www.phpmyadmin.net/
--
-- Host: 127.0.0.1
-- Generation Time: May 28, 2025 at 01:41 AM
-- Server version: 10.4.32-MariaDB
-- PHP Version: 8.0.30

SET SQL_MODE = "NO_AUTO_VALUE_ON_ZERO";
START TRANSACTION;
SET time_zone = "+00:00";


/*!40101 SET @OLD_CHARACTER_SET_CLIENT=@@CHARACTER_SET_CLIENT */;
/*!40101 SET @OLD_CHARACTER_SET_RESULTS=@@CHARACTER_SET_RESULTS */;
/*!40101 SET @OLD_COLLATION_CONNECTION=@@COLLATION_CONNECTION */;
/*!40101 SET NAMES utf8mb4 */;

--
-- Database: `examinationsystem`
--

-- --------------------------------------------------------

--
-- Table structure for table `admin`
--

CREATE TABLE `admin` (
  `AdminID` int(11) NOT NULL,
  `username` varchar(50) NOT NULL,
  `password` varchar(255) NOT NULL,
  `FullName` varchar(100) NOT NULL,
  `LastAccess` datetime DEFAULT NULL
) ENGINE=InnoDB DEFAULT CHARSET=utf8mb4 COLLATE=utf8mb4_general_ci;

--
-- Dumping data for table `admin`
--

INSERT INTO `admin` (`AdminID`, `username`, `password`, `FullName`, `LastAccess`) VALUES
(1, '32101002079', 'Aaz@2003', 'alyamamah ahmad mohammed', '2023-11-15 09:30:00'),
(2, '32101002105', 'Mah@2003', 'mona ahmad mohammed', '2023-11-19 11:00:00');

-- --------------------------------------------------------

--
-- Table structure for table `classrooms`
--

CREATE TABLE `classrooms` (
  `ClassRoomID` int(11) NOT NULL,
  `ClassRoomNumber` varchar(20) NOT NULL,
  `RoomType` varchar(50) NOT NULL,
  `Capacity` int(11) NOT NULL,
  `ExamID` int(11) DEFAULT NULL,
  `created_at` datetime DEFAULT current_timestamp()
) ENGINE=InnoDB DEFAULT CHARSET=utf8mb4 COLLATE=utf8mb4_general_ci;

--
-- Dumping data for table `classrooms`
--

INSERT INTO `classrooms` (`ClassRoomID`, `ClassRoomNumber`, `RoomType`, `Capacity`, `ExamID`, `created_at`) VALUES
(4, '101', 'lab', 70, NULL, '2025-05-16 19:49:40'),
(5, '302', 'lab', 60, NULL, '2025-05-16 19:49:59'),
(6, '303', 'lab', 60, NULL, '2025-05-16 19:50:15'),
(7, '401', 'Lecture Hall', 100, NULL, '2025-05-16 19:50:46'),
(8, '402', 'Lecture Hall', 100, NULL, '2025-05-16 19:51:04'),
(9, '502', 'Lecture Hall', 100, NULL, '2025-05-16 19:51:23'),
(11, '100', 'lab', 90, NULL, '2025-05-19 20:11:42'),
(12, '300', 'lab', 45, NULL, '2025-05-19 20:12:04'),
(14, '504', 'lab', 40, NULL, '2025-05-19 20:12:52'),
(15, '503', 'lecture hall', 65, NULL, '2025-05-19 20:13:39'),
(16, '501', 'lecture hall', 55, NULL, '2025-05-19 20:14:27'),
(17, '404', 'lecture hall', 50, NULL, '2025-05-19 20:14:52'),
(18, '9999', 'lab`', 4444, NULL, '2025-05-22 17:47:57');

-- --------------------------------------------------------

--
-- Table structure for table `courses`
--

CREATE TABLE `courses` (
  `CourseID` int(11) NOT NULL,
  `CourseNum` varchar(20) NOT NULL,
  `CourseName` varchar(100) NOT NULL,
  `CourseSubject` varchar(100) NOT NULL,
  `LEVEL` enum('Undergraduate','Graduate','Doctoral') NOT NULL,
  `CreditHours` int(11) NOT NULL,
  `ClassRoomID` int(11) DEFAULT NULL,
  `DepartmentID` int(11) NOT NULL,
  `InstructorID` int(11) DEFAULT NULL,
  `DeptHeadID` int(11) DEFAULT NULL,
  `created_at` datetime DEFAULT current_timestamp()
) ENGINE=InnoDB DEFAULT CHARSET=utf8mb4 COLLATE=utf8mb4_general_ci;

--
-- Dumping data for table `courses`
--

INSERT INTO `courses` (`CourseID`, `CourseNum`, `CourseName`, `CourseSubject`, `LEVEL`, `CreditHours`, `ClassRoomID`, `DepartmentID`, `InstructorID`, `DeptHeadID`, `created_at`) VALUES
(43, '30801203', 'البرمجة الموجهة للكائنات', '', 'Undergraduate', 3, NULL, 2, NULL, 41, '2025-05-19 19:09:59'),
(44, '30801300', 'البرمجة المرئية للاجهزة الذكية', '', 'Undergraduate', 3, NULL, 2, NULL, 41, '2025-05-19 19:09:59'),
(45, '30801205', 'البرمجة بلغة الجافا', '', 'Undergraduate', 3, NULL, 2, NULL, 41, '2025-05-19 19:09:59'),
(46, '30801350', 'الذكاء الاصطناعي', '', 'Undergraduate', 3, NULL, 2, NULL, 41, '2025-05-19 19:09:59'),
(47, '30801363', 'الرسم الحاسوبي', '', 'Undergraduate', 3, NULL, 2, NULL, 41, '2025-05-19 19:09:59'),
(48, '30807324', 'الرسومات التفاعلية', '', 'Undergraduate', 3, NULL, 2, NULL, 41, '2025-05-19 19:09:59'),
(49, '30801220', 'المنطق الرقمي', '', 'Undergraduate', 3, NULL, 2, NULL, 41, '2025-05-19 19:09:59'),
(50, '30801214', 'الهياكل والرياضيات المنفصلة', '', 'Undergraduate', 3, NULL, 2, NULL, 41, '2025-05-19 19:09:59'),
(51, '30801348', 'الوسائط المتعدده', '', 'Undergraduate', 3, NULL, 2, NULL, 41, '2025-05-19 19:09:59'),
(52, '30807452', 'تصميم الالعاب', '', 'Undergraduate', 3, NULL, 2, NULL, 41, '2025-05-19 19:09:59'),
(53, '30807333', 'تصميم القصة المصورة', '', 'Undergraduate', 3, NULL, 2, NULL, 41, '2025-05-19 19:09:59'),
(54, '30801215', 'تصميم وتحليل الخوارزميات', '', 'Undergraduate', 3, NULL, 2, NULL, 41, '2025-05-19 19:09:59'),
(55, '30801333', 'شبكات الحاسوب اللاسلكية', '', 'Undergraduate', 3, NULL, 2, NULL, 41, '2025-05-19 19:09:59'),
(56, '30801426', 'مبادئ نظم التشغيل', '', 'Undergraduate', 3, NULL, 2, NULL, 41, '2025-05-19 19:09:59'),
(57, '30807222', 'مبادىء الرسم الحاسوبي', '', 'Undergraduate', 3, NULL, 2, NULL, 41, '2025-05-19 19:09:59'),
(58, '30801281', 'مباديء التحليل العددي', '', 'Undergraduate', 3, NULL, 2, NULL, 41, '2025-05-19 19:09:59'),
(59, '30801230', 'مباديء شبكات الحاسوب', '', 'Undergraduate', 3, NULL, 2, NULL, 41, '2025-05-19 19:09:59'),
(60, '30801301', 'مختبر البرمجة المرئية للاجهزة الذكية', '', 'Undergraduate', 1, NULL, 2, NULL, 41, '2025-05-19 19:09:59'),
(61, '30801204', 'مختبر البرمجة الموجهة للكائنات', '', 'Undergraduate', 1, NULL, 2, NULL, 41, '2025-05-19 19:09:59'),
(62, '30801206', 'مختبر البرمجة بلغة جافا', '', 'Undergraduate', 1, NULL, 2, NULL, 41, '2025-05-19 19:09:59'),
(63, '30801221', 'مختبر المنطق الرقمي', '', 'Undergraduate', 1, NULL, 2, NULL, 41, '2025-05-19 19:09:59'),
(64, '35005100', 'مختبر مهارات الحاسوب 1', '', 'Undergraduate', 0, NULL, 2, NULL, 41, '2025-05-19 19:09:59'),
(65, '35005103', 'مختبر مهارات حاسوب (2) لطلبة الكليات الانسانية', '', 'Undergraduate', 0, NULL, 2, NULL, 41, '2025-05-19 19:09:59'),
(66, '30801102', 'مختبر مهارات حاسوب (2) لطلبة الكليات العلمية', '', 'Undergraduate', 0, NULL, 2, NULL, 41, '2025-05-19 19:09:59'),
(67, '30801219', 'مختبر هياكل البيانات', '', 'Undergraduate', 1, NULL, 2, NULL, 41, '2025-05-19 19:09:59'),
(68, '30801427', 'معمارية الحاسـوب', '', 'Undergraduate', 3, NULL, 2, NULL, 41, '2025-05-19 19:09:59'),
(69, '35005102', 'مهارات الحاسوب (2) لطلبة الكليات الانسانية', '', 'Undergraduate', 3, NULL, 2, NULL, 41, '2025-05-19 19:09:59'),
(70, '30801101', 'مهارات الحاسوب (2) لطلبة الكليات العلمية', '', 'Undergraduate', 3, NULL, 2, NULL, 41, '2025-05-19 19:09:59'),
(71, '35005101', 'مهارات الحاسوب 1', '', 'Undergraduate', 3, NULL, 2, NULL, 41, '2025-05-19 19:09:59'),
(72, '35005099', 'مهارات الحاسوب الاستدراكية', '', 'Undergraduate', 3, NULL, 2, NULL, 41, '2025-05-19 19:09:59'),
(73, 'CS101', 'مهارات الحاسوب والتعليم الالكتروني', '', 'Undergraduate', 1, NULL, 2, NULL, 41, '2025-05-19 19:09:59'),
(74, '30807463', 'موضوعات خاصة في الرسم الحاسوبي', '', 'Undergraduate', 3, NULL, 2, NULL, 41, '2025-05-19 19:09:59'),
(75, '30801218', 'هياكل البيانات', '', 'Undergraduate', 3, NULL, 2, NULL, 41, '2025-05-19 19:09:59'),
(76, '30801100', 'مقدمة إلى برمجة الحاسوب', '', 'Undergraduate', 3, NULL, 2, NULL, 41, '2025-05-19 19:09:59'),
(77, '30801320', 'أمن الحاسوب والشبكات', '', 'Undergraduate', 3, NULL, 2, NULL, 41, '2025-05-19 19:09:59'),
(79, '30801360', 'الروبوتات والأنظمة المؤتمتة', '', 'Undergraduate', 3, NULL, 2, NULL, 41, '2025-05-19 19:09:59'),
(80, '30801210', 'هياكل البيانات المتقدمة', '', 'Undergraduate', 3, NULL, 2, NULL, 41, '2025-05-19 19:09:59'),
(81, '30801370', 'معالجة الصور والرؤيا الرقمية', '', 'Undergraduate', 3, NULL, 2, NULL, 41, '2025-05-19 19:09:59'),
(82, '30801250', 'الإحصاء والاحتمالات', '', 'Undergraduate', 3, NULL, 2, NULL, 41, '2025-05-19 19:09:59'),
(83, '30801260', 'قواعد البيانات 1', '', 'Undergraduate', 3, NULL, 2, NULL, 41, '2025-05-19 19:09:59'),
(84, '30801261', 'مختبر قواعد البيانات 1', '', 'Undergraduate', 1, NULL, 2, NULL, 41, '2025-05-19 19:09:59'),
(85, '30801380', 'برمجة تطبيقات الإنترنت', '', 'Undergraduate', 3, NULL, 2, NULL, 41, '2025-05-19 19:09:59'),
(86, '30801381', 'مختبر برمجة تطبيقات الإنترنت', '', 'Undergraduate', 1, NULL, 2, NULL, 41, '2025-05-19 19:09:59'),
(87, '30801262', 'قواعد البيانات 2', '', 'Undergraduate', 3, NULL, 2, NULL, 41, '2025-05-19 19:09:59'),
(88, '30801390', 'أنظمة استرجاع المعلومات ومحركات البحث', '', 'Undergraduate', 3, NULL, 2, NULL, 41, '2025-05-19 19:09:59'),
(89, '30801400', 'تحليل وتصميم نظم', '', 'Undergraduate', 3, NULL, 2, NULL, 41, '2025-05-19 19:09:59'),
(90, '30801410', 'هندسة البرمجيات الحديثة', '', 'Undergraduate', 3, NULL, 2, NULL, 41, '2025-05-19 19:09:59'),
(91, '30801420', 'النظرية الحسابية والأتمتة', '', 'Undergraduate', 3, NULL, 2, NULL, 41, '2025-05-19 19:09:59'),
(92, '30801430', 'تصميم المترجمات ولغات البرمجة', '', 'Undergraduate', 3, NULL, 2, NULL, 41, '2025-05-19 19:09:59'),
(93, '30801351', 'الذكاء الاصطناعي المتقدم والآلي', '', 'Undergraduate', 3, NULL, 2, NULL, 41, '2025-05-19 19:09:59'),
(94, '30801110', 'التفاضل والتكامل 1', '', 'Undergraduate', 3, NULL, 2, NULL, 41, '2025-05-19 19:09:59'),
(95, '30801120', 'التفاضل والتكامل 2', '', 'Undergraduate', 3, NULL, 2, NULL, 41, '2025-05-19 19:09:59'),
(96, '30803240', 'قواعد البيانات', '', 'Undergraduate', 3, NULL, 1, NULL, 39, '2025-05-19 19:22:33'),
(97, '30803441', 'المناهج الاساسية في هندسة البرمجيات', '', 'Undergraduate', 3, NULL, 1, NULL, 39, '2025-05-19 19:22:33'),
(98, '30803367', 'تخطيط وادارة مشاريع البرمجيات', '', 'Undergraduate', 3, NULL, 1, NULL, 39, '2025-05-19 19:22:33'),
(99, '30803423', 'تصميم وتنظيم الحاسوب', '', 'Undergraduate', 3, NULL, 1, NULL, 39, '2025-05-19 19:22:33'),
(100, '30803445', 'تصميم وتنفيذ واجهة المستخدم', '', 'Undergraduate', 3, NULL, 1, NULL, 39, '2025-05-19 19:22:33'),
(101, '30803260', 'مباديء هندسة البرمجيات', '', 'Undergraduate', 3, NULL, 1, NULL, 39, '2025-05-19 19:22:33'),
(102, '30803241', 'مختبر قواعد البيانات', '', 'Undergraduate', 1, NULL, 1, NULL, 39, '2025-05-19 19:22:33'),
(103, '30803472', 'مواضيع خاصة في هندسة البرمجيات', '', 'Undergraduate', 3, NULL, 1, NULL, 39, '2025-05-19 19:22:33'),
(104, '30803368', 'هندسة البرمجيات الشيئية', '', 'Undergraduate', 3, NULL, 1, NULL, 39, '2025-05-19 19:22:33'),
(105, '30803261', 'هندسة ووصف متطلبات البرمجيات', '', 'Undergraduate', 3, NULL, 1, NULL, 39, '2025-05-19 19:22:33'),
(106, '30802425', 'امن المعلومات', '', 'Undergraduate', 3, NULL, 3, NULL, 40, '2025-05-19 19:27:04'),
(107, '30802440', 'انظمة التجارة الالكترونية', '', 'Undergraduate', 3, NULL, 3, NULL, 40, '2025-05-19 19:27:04'),
(108, '30802300', 'تطبيقات وخدمات الويب', '', 'Undergraduate', 3, NULL, 3, NULL, 40, '2025-05-19 19:27:04'),
(109, '30802301', 'مختبر تطبيقات وخدمات الويب', '', 'Undergraduate', 1, NULL, 3, NULL, 40, '2025-05-19 19:27:04'),
(110, '30803468', 'صيانة وتطور البرمجيات', '', 'Undergraduate', 3, NULL, 1, NULL, 39, '2025-05-19 21:15:10'),
(111, '30802326', 'مستودعات البيانات', '', 'Undergraduate', 3, NULL, 2, NULL, 41, '2025-05-21 16:29:16'),
(112, '30802322', 'أنظمة استرجاع المعلومات', '', 'Undergraduate', 3, NULL, 2, NULL, 41, '2025-05-21 16:29:16'),
(113, '30801325', 'تصميم وتنظيم الأنظمة المدمجة', '', 'Undergraduate', 3, NULL, 2, NULL, 41, '2025-05-21 18:18:44');

-- --------------------------------------------------------

--
-- Table structure for table `department`
--

CREATE TABLE `department` (
  `DepartmentID` int(11) NOT NULL,
  `DepartmentNumber` varchar(20) NOT NULL,
  `DepartmentName` varchar(100) NOT NULL,
  `DepHeadID` int(11) DEFAULT NULL
) ENGINE=InnoDB DEFAULT CHARSET=utf8mb4 COLLATE=utf8mb4_general_ci;

--
-- Dumping data for table `department`
--

INSERT INTO `department` (`DepartmentID`, `DepartmentNumber`, `DepartmentName`, `DepHeadID`) VALUES
(1, 'SE001', 'Software Engineering', 39),
(2, 'CS001', 'Computer Science', 41),
(3, 'CIS001', 'Computer Information Systems', 40);

-- --------------------------------------------------------

--
-- Table structure for table `departmenthead`
--

CREATE TABLE `departmenthead` (
  `DepHeadID` int(11) NOT NULL,
  `UserId` varchar(50) NOT NULL,
  `Password` varchar(255) NOT NULL,
  `DepartmentName` varchar(255) NOT NULL,
  `status` enum('active','inactive') NOT NULL DEFAULT 'active',
  `add_date` datetime DEFAULT NULL,
  `DepartmentID` int(11) NOT NULL,
  `Name` varchar(255) NOT NULL
) ENGINE=InnoDB DEFAULT CHARSET=utf8mb4 COLLATE=utf8mb4_general_ci;

--
-- Dumping data for table `departmenthead`
--

INSERT INTO `departmenthead` (`DepHeadID`, `UserId`, `Password`, `DepartmentName`, `status`, `add_date`, `DepartmentID`, `Name`) VALUES
(39, '120130', 'KSk@111111', 'Software Engineering', 'active', '2025-05-16 19:31:29', 1, 'Khaled Suleiman Al-Kharabsheh'),
(40, '160170', 'ZMa@222222', 'Computer Information Systems', 'active', '2025-05-16 19:33:01', 3, 'Zaid Mustafan Al-Lami'),
(41, '140150', 'TMa@333333', 'Computer Science', 'active', '2025-05-16 19:34:47', 2, 'Tariq Mahmoud Al-Zoubi');

-- --------------------------------------------------------

--
-- Table structure for table `exam`
--

CREATE TABLE `exam` (
  `ExamID` int(11) NOT NULL,
  `ExamDate` date NOT NULL,
  `ExamStartTime` time NOT NULL,
  `ExamEndTime` time NOT NULL,
  `ExamType` enum('Midterm','Final') NOT NULL,
  `InstructorID` int(11) NOT NULL,
  `CourseID` int(11) NOT NULL,
  `ClassRoomID` int(11) NOT NULL
) ENGINE=InnoDB DEFAULT CHARSET=utf8mb4 COLLATE=utf8mb4_general_ci;

--
-- Dumping data for table `exam`
--

INSERT INTO `exam` (`ExamID`, `ExamDate`, `ExamStartTime`, `ExamEndTime`, `ExamType`, `InstructorID`, `CourseID`, `ClassRoomID`) VALUES
(23, '2025-05-22', '04:34:00', '07:34:00', 'Midterm', 9, 95, 12);

-- --------------------------------------------------------

--
-- Table structure for table `instructor`
--

CREATE TABLE `instructor` (
  `InstructorID` int(11) NOT NULL,
  `InstructorNum` varchar(20) NOT NULL,
  `InstructorFullName` varchar(100) NOT NULL,
  `ScientificDegree` enum('MSc','PhD') NOT NULL,
  `Specialization` varchar(100) DEFAULT NULL,
  `DepartmentID` int(11) NOT NULL
) ENGINE=InnoDB DEFAULT CHARSET=utf8mb4 COLLATE=utf8mb4_general_ci;

--
-- Dumping data for table `instructor`
--

INSERT INTO `instructor` (`InstructorID`, `InstructorNum`, `InstructorFullName`, `ScientificDegree`, `Specialization`, `DepartmentID`) VALUES
(1, '111', ' Dr. Osama Durgham ', '', 'Dean of the College', 1),
(2, '222', 'Dr. Dhiab Al-Bashish', '', 'CS', 2),
(3, '333', 'Dr. Khaled Kharabsheh', '', 'SE', 1),
(4, '444', 'Dr. Tarek Al-Zoubi', '', 'CS', 2),
(5, '555', 'Dr. Malik Burayk', '', 'CS', 2),
(6, '666', 'Dr. Wafaa Al-Dababat', '', 'CS', 2),
(7, '777', ' Dr. Mai Al-Faouri', '', 'SE', 1),
(8, '888', ' Karam Ghoneim', '', 'SE', 1),
(9, '999', 'Dr. Hiba Hayari', '', 'CS', 2),
(10, '101', 'Dr. Islah Gharaybeh', '', 'CS', 2),
(11, '110', 'Dr. Zainab Arhamneh', '', 'CS', 2),
(12, '120', 'Dr. Asma Al-Khatoum', '', 'CS', 2),
(13, '130', ' Dr. Raed Khalil', '', 'CS', 2),
(14, '140', ' Dr. Mohammad Rialaht', '', 'CS', 2),
(15, '150', ' Dr. Sultan Al-Khateeb', '', 'SE', 1),
(16, '160', ' Dr. Adnan Al-Rabi', '', 'CS', 2),
(17, '170', ' Dr. Saleh Al-Aqeeli', '', 'SE', 1),
(18, '180', 'Dr. Mohammad Ababneh', '', 'cis', 3),
(19, '190', ' Dr. Samir Sadiq', '', 'cis', 3),
(20, '200', ' Dr. Bassem Al-Hadidi', '', 'cis', 3),
(21, '210', ' Dr. Oreib Al-Rashdan', '', 'cis', 3);

-- --------------------------------------------------------

--
-- Table structure for table `non-conflicting`
--

CREATE TABLE `non-conflicting` (
  `id` int(11) NOT NULL,
  `course1` varchar(255) NOT NULL,
  `course2` varchar(255) NOT NULL
) ENGINE=InnoDB DEFAULT CHARSET=utf8mb4 COLLATE=utf8mb4_general_ci;

--
-- Dumping data for table `non-conflicting`
--

INSERT INTO `non-conflicting` (`id`, `course1`, `course2`) VALUES
(3, 'مختبر قواعد البيانات', 'تصميم وتنفيذ واجهة المستخدم'),
(6, 'تصميم وتنفيذ واجهة المستخدم', 'مختبر قواعد البيانات'),
(9, 'تصميم وتنفيذ واجهة المستخدم', 'مختبر قواعد البيانات');

-- --------------------------------------------------------

--
-- Table structure for table `students`
--

CREATE TABLE `students` (
  `id` int(11) NOT NULL,
  `name` varchar(100) NOT NULL,
  `student_id` varchar(20) NOT NULL
) ENGINE=InnoDB DEFAULT CHARSET=utf8mb4 COLLATE=utf8mb4_general_ci;

--
-- Dumping data for table `students`
--

INSERT INTO `students` (`id`, `name`, `student_id`) VALUES
(1681, 'ابراهيم امجد اكرم الحاج حسين', '32101001508'),
(1682, 'احمد جراح محمد الزعبي', '32201003003'),
(1683, 'احمد حسان حسن الجبالي', '31901001076'),
(1684, 'احمد زياد حسن ابو سردانه', '32101001109'),
(1685, 'احمد عائد فؤاد سمور', '32201002071'),
(1686, 'احمد عبدالحكيم محمود القداح', '32001002512'),
(1687, 'احمد عدنان محمد طه اللداوى', '32201001115'),
(1688, 'احمد علاء الدين عثمان الحصان', '32001001506'),
(1689, 'احمد مأمون رشيد نوفل', '32201003019'),
(1690, 'اسامه بسام يوسف علي', '32109304062'),
(1691, 'اسامه شريف حسن مصلح', '32101003035'),
(1692, 'امنه فايز عبد الحميد العساف', '32401003004'),
(1693, 'انس خالد محمود جبر', '32201003109'),
(1694, 'بيسان اسامه عبد الحميد الزبيدي', '32201003031'),
(1695, 'تالا مراد عبد المنعم الشويكي', '32101003056'),
(1696, 'حسين عبد الرحمن عبد الله عربيات', '32201003134'),
(1697, 'ديما فايز حمدان الصوفي', '32201003028'),
(1698, 'رؤى محمود عبد الرحمن ابو هزيم', '32101003032'),
(1699, 'رزان ناصر قدسي قاقيش', '32201003006'),
(1700, 'رعد اسعد محمود الاعرج', '32201003061'),
(1701, 'رغد وائل حسن خليفه', '32201003074'),
(1702, 'سلمى نوفان فياض ابو العدوس', '32201003037'),
(1703, 'شهد لؤي صبري احمد', '32201003092'),
(1704, 'عبد الله جميل عياش الشباكي', '32201003112'),
(1705, 'عبدالله اسماعيل عبد الله المصرى', '32201003032'),
(1706, 'عبدالله محمد عبد الهادى الحنيطي', '32201003509'),
(1707, 'عبيده محمد عوض القيسي', '32201003034'),
(1708, 'فرح يوسف عبد الرزاق بزبز', '32201003077'),
(1709, 'قصي عماد الدين رؤوف القطناني', '32201003063'),
(1710, 'لين خالد عياد المحذي', '32201003049'),
(1711, 'محمد انور فرج العبد اللات', '32201003035'),
(1712, 'محمد اياد رشيد القزعي', '32201003075'),
(1713, 'محمد خالد مصطفى صباح', '32201003021'),
(1714, 'محمد خليل عزات السويد', '32201003047'),
(1715, 'محمد هيثم محمد الجراح', '32101003058'),
(1716, 'نور محمود الشيخ محمد المغربي', '32201003105'),
(1717, 'يوسف معن طالب الكسواني', '32201003091'),
(1718, 'ايهم محمد رسول عبد الرزاق الحياري', '32201001150'),
(1719, 'بتول محمود محمد شادرما', '32301001098'),
(1720, 'براءه محمد جهاد حريز', '32301001058'),
(1721, 'تاج الدين خيري وليد الخمش', '32101001028'),
(1722, 'تالا محمد سعود خريسات', '32301001006'),
(1723, 'جنان سليم محمد عبد الله', '32301001088'),
(1724, 'حلا طلال جاسر الزعبي', '32201001085'),
(1725, 'حمزه حسان حسن الجبالي', '32201001043'),
(1726, 'حمزه رياض محمد الغنيمات', '32201001172'),
(1727, 'دانا محمود اسماعيل الشايب', '32301001036'),
(1728, 'رغد احمد عبد الرحمن عبد الرحمن', '32301001004'),
(1729, 'رغد ماهر عبد الرحمن التوايهه', '32301001008'),
(1730, 'زيد محمود محمد قاسم', '32201001118'),
(1731, 'صهيب عبد الله عزيز عثمان', '32201001135'),
(1732, 'عبد الكريم سلامه رضوان النسور', '32201001507'),
(1733, 'عبد الله خالد سليمان عربيات', '32301001110'),
(1734, 'علي خالد علي الذرعان', '32201001128'),
(1735, 'قصي اكرم جميل الحاج يوسف', '32301001020'),
(1736, 'قصي سامي يوسف سعاده', '32201001083'),
(1737, 'قيس خالد محمد ابو الخير', '32301001149'),
(1738, 'ماجد خالد حسن حمدان', '32301001021'),
(1739, 'محمد رائد صالح الحديدى', '32201001111'),
(1740, 'مرح فادي محمد المناوي', '32201001042'),
(1741, 'مصطفى محمد عايد ابو دره', '32301001032'),
(1742, 'مهاب عمر يوسف الحجاج', '32201001127'),
(1743, 'مهند اشرف قاسم الشيخ قاسم', '32201001060'),
(1744, 'مهند غسان محمد عقيلان', '32201001066'),
(1745, 'وصفي احمد وصفي درباس', '32201001075'),
(1746, 'يوسف ايمن اسماعيل جبر', '32201001505'),
(1747, 'يوسف خالد يوسف مصطفى', '32201001106'),
(1748, 'يوسف صقر موسى الحوراني', '32301001055'),
(1749, 'احمد محمد اسماعيل الربيعي', '32301001045'),
(1750, 'احمد يحيى حسن القضاه', '32301001083'),
(1751, 'اكرم كفاح اكرم السيد', '32201001144'),
(1752, 'بانا عصام محمد المناصره', '32201001168'),
(1753, 'بشار كمال عبد الرحيم الدباس', '32301001113'),
(1754, 'تسنيم موسى يوسف الصليحين', '32301001029'),
(1755, 'حمزه فواز عبد الرحيم العرموطي', '32101001032'),
(1756, 'حنين عيسى موسى النعيمي', '32301001002'),
(1757, 'خالد فؤاد يوسف ابو زيد', '32301001046'),
(1758, 'دانه خالد سلامه العبيدات', '32201001154'),
(1759, 'راشد محمد خليل ابو الشيخ', '32201001080'),
(1760, 'رزان لؤي محمد بني نصر', '32301001115'),
(1761, 'سيف صلاح الدين احمد الحساسنه', '32301001018'),
(1762, 'طلال حسن عبد الكريم غنيمات', '32201001126'),
(1763, 'عامر عبد الفتاح نايف فواعير', '32201001164'),
(1764, 'عبدالله حسين محمد الشبلي', '32201001048'),
(1765, 'علا علي حسين العربيات', '32201001124'),
(1766, 'علاء محمد نايف الخوالده', '32201001025'),
(1767, 'علي حسن محمد غازى اللاوى', '32301001159'),
(1768, 'علياء بسام عيد بن عويض', '32201001112'),
(1769, 'عمر عماد سعدات الكيالي', '32301001022'),
(1770, 'فخري محمد طه سليط', '32401001007'),
(1771, 'فهد محمد كايد منصور', '32301001044'),
(1772, 'قاسم محمد خالد قرعيش', '32201001076'),
(1773, 'ماجد سليمان سعيد الغاوي', '32401001042'),
(1774, 'محمد سعد ابراهيم الصيفي', '32201001094'),
(1775, 'محمد علي محمد العناسوه', '32301001501'),
(1776, 'محمد عمر نايف العساف', '32301001156'),
(1777, 'محمد مفيد عبد الرحمن عبد الرحمن', '32101001515'),
(1778, 'محمد هيثم زهدى الظاهر', '32201001503'),
(1779, 'معتصم محمد يعقوب السكافي', '32201001056'),
(1780, 'ايه صبري علي صلاح', '32301002012'),
(1781, 'ايه نعيم محمود كايد', '32201001153'),
(1782, 'ايهم خليل محمد زايد', '32201001077'),
(1783, 'ايهم علي نبيل فريتخ', '32201001040'),
(1784, 'بتول محمد صقر مصطفى', '32101001027'),
(1785, 'بثينه حسين محمد الجعيدى', '32201001067'),
(1786, 'براء اسماعيل ابراهيم المجالي', '32201002522'),
(1787, 'بيان حسين محمد بطاينه', '32101002103'),
(1788, 'جنا زهير عبد الرحمن الوشاح', '32101001100'),
(1789, 'جنان عبد الكريم مصطفى ابو الهيش', '32201001089'),
(1790, 'جود عمر نوران الجبور', '32301003008'),
(1791, 'حسام سمير شوقي نافع', '32201001081'),
(1792, 'حلا محمود طه ابو الهيجاء', '32401001117'),
(1793, 'حلا نضال كمال الفراحنه حجاوي', '32101002045'),
(1794, 'حمزه موسى سعيد يوسف', '32201001068'),
(1795, 'خطاب عماد مصطفى الفياض', '32201001108'),
(1796, 'رامز اسامه طعمه بواب', '32201003053'),
(1797, 'رشا عبد الله محمد الخطيب', '32301002003'),
(1798, 'رغد عمر حسن الجوابره', '32201001148'),
(1799, 'زيد عماد محمد عيد', '32101001023'),
(1800, 'ساجده يوسف يعقوب القراعين', '32101001050'),
(1801, 'ساره جمال فضيل هياجنه', '32101001518'),
(1802, 'ساره حاتم حمدان الزغول', '32301001012'),
(1803, 'ساره حسان صبحي عبد النبي', '32201001165'),
(1804, 'ساره مدحت جبرين مرار', '32201001073'),
(1805, 'ساره نضال سعد الدين حسن', '32101001096'),
(1806, 'سامي هاني سامي ابو حيه', '32101001087'),
(1807, 'سدين يوسف عبد الرزاق قطيشات', '32201001180'),
(1808, 'صالح مصلح عبد ربه العجل', '32301001042'),
(1809, 'صهيب احمد محفوظ صالح', '32201003068'),
(1810, 'عبد الرحمن احمد عبد الرحمن بنات', '32201001131'),
(1811, 'عبد الرحمن نادر احمد سليمان', '32101001102'),
(1812, 'عبد الرحمن هاني مريد عليان', '32301001043'),
(1813, 'عبد الرحمن وجيه احمد حبوش', '32201001046'),
(1814, 'عبد الله ابراهيم عبد الرحمن الاطرش', '32201002092'),
(1815, 'عبد الله موسى خليل سليم', '32101001082'),
(1816, 'عدنان فواز محمود ابو حمور', '32101001052'),
(1817, 'عز الدين حسين راجي العربيات', '32101002508'),
(1818, 'عمر خالد عبد المعطي القرارعه', '32201001136'),
(1819, 'عمر محمد جمال السلخي', '32201001093'),
(1820, 'عمر نضال عز ابو طرحه', '32201001147'),
(1821, 'ليان عاطف محمدكمال الحياصات', '32201003512'),
(1822, 'لين محمود محمد ناصر', '32201003014'),
(1823, 'مؤيد فضل يوسف البواب', '32301001155'),
(1824, 'محمد اياد حمدي الرزي', '32101001519'),
(1825, 'محمد ايمن محمد ابو كف', '32201002060'),
(1826, 'محمد بسام محمد العربيات', '32101002007'),
(1827, 'محمد ثائر فايز اسماعيل', '32201001047'),
(1828, 'محمد جواد علي احمد الضميدات', '32001002040'),
(1829, 'محمد خليل محمد العجارمه', '32201001079'),
(1830, 'محمد صالح محمد العرموطي', '32201001033'),
(1831, 'محمد عبد الحليم خليل ابو حماد', '32201001105'),
(1832, 'محمد مرتضى علي شراره', '32301001143'),
(1833, 'محمود ابراهيم داود ابو سليم', '32201001020'),
(1834, 'مروه محمد نايف نوار', '32101002119'),
(1835, 'مريم ثائر محمد ابو لوحه', '32201001101'),
(1836, 'معاذ موسى عبد الهادي نوفل', '32001001053'),
(1837, 'معتصم مأمون نبيل العبد علي', '32101001522'),
(1838, 'نغم عماد احمد النسعه', '32101002048'),
(1839, 'نوف دريد محمد ابو شنب', '32201001092'),
(1840, 'هبة الله فضل محمد الشهابي', '32101001049'),
(1841, 'وليد خلدون وليد سليمان', '32201002069'),
(1842, 'يزن رجب شعبان رجب', '32201001037'),
(1843, 'يزن عيسى مصطفى الدلاهمه', '32101001511'),
(1844, 'يزن نضال عبد الفتاح شتيوي', '32201001508'),
(1845, 'يعرب عطاالله نمر الحوارات', '32201002057'),
(1846, 'ينال باسل يحيى ناصر', '32301001048'),
(1847, 'ابراهيم علي ابراهيم شوربجي', '32201002021'),
(1848, 'احمد اسماعيل عبد القادر اسماعيل', '32101002043'),
(1849, 'احمد وصفي زعل الرماضنه', '32101002067'),
(1850, 'اليمامه احمد محمد الزوغه', '32101002079'),
(1851, 'اوس جمال محمد عجوه', '32101002080'),
(1852, 'بتول سامر عصام القطيمات', '32201002002'),
(1853, 'بتول محمد سعيد العنبتاوي', '32101002126'),
(1854, 'تسنيم جهاد محمود الصمادى', '32001001039'),
(1855, 'جمال همام هاشم حمدى', '32101002500'),
(1856, 'حاتم علي احمد ابو حمور', '32101002010'),
(1857, 'حسين انور حسين النجار', '32101002515'),
(1858, 'حسين رائد حسين زهران', '32101002005'),
(1859, 'خليل ابراهيم عبد الكريم عيسى', '32101002061'),
(1860, 'خليل داود جمعه عياش', '32201002078'),
(1861, 'رؤى رياض عثمان المرعي', '32201002051'),
(1862, 'ربى محمد فرحان خريسات', '32101002109'),
(1863, 'رزان سامر محمد العجارمه', '32101002518'),
(1864, 'رنيم ايمن داود اسعد', '32101002123'),
(1865, 'ساجده محمد يوسف قريني', '32101002049'),
(1866, 'سامي هاني سامي المهر', '32101002519'),
(1867, 'سند رائد فالح الرحامنه', '32101002112'),
(1868, 'عباده احمد علي القواسمي', '32101002505'),
(1869, 'عبد الرحمن طلال يوسف الرماضين', '32201002001'),
(1870, 'عبد الرحمن عدنان احمد ورده', '32101002125'),
(1871, 'عبد الرحمن محمد توفيق بدران', '32201002028'),
(1872, 'عبد الرحمن نسيم محمد خليل', '32201002100'),
(1873, 'عرين زياد طه العواوده', '32101002089'),
(1874, 'عمر احمد جلال يوسف احمد', '32101002127'),
(1875, 'عمر محمود محمد العزام', '32101002097'),
(1876, 'غاده حسين مصطفى عوده الله', '32101002115'),
(1877, 'فرح حامد موسى ابو شريعه', '32101002526'),
(1878, 'فيصل جمال محمد ابزيع', '32101002024'),
(1879, 'كامل عيسى كامل قندلفت', '32101002076'),
(1880, 'لانا علاء جمال حمدان', '32201002014'),
(1881, 'ليث احمد عبد الجواد داود', '32101002511'),
(1882, 'لين سليمان مصطفى الفيومي', '32101002524'),
(1883, 'لين منذر طاهر النمر', '32101002026'),
(1884, 'محمد خالد محمد العوامره', '32101002017'),
(1885, 'محمد خالد محمد عكيله', '32101002004'),
(1886, 'محمد مراد طه صندوقه', '32101002124'),
(1887, 'محمدخير ناصر عبد الرحمن ابو رمان', '32201002005'),
(1888, 'محمود خضر محمود زعبوط', '32201002024'),
(1889, 'منى احمد محمد هنيه', '32101002105'),
(1890, 'موسى محمد موسى خليل', '32201002004'),
(1891, 'هبه احمد عبد الله الزنيمات', '32201002003'),
(1892, 'هدى سامي نعمان علاء الدين', '32101003023'),
(1893, 'يزن ايمن عبد الرزاق محمد فايد', '32101002078'),
(1894, 'يوسف عزيز جميل عوض', '32101002021'),
(1895, 'ابراهيم سامر ابراهيم ابو عنزه', '32301002050'),
(1896, 'ابراهيم عماد مصباح الزريقي', '32101002063'),
(1897, 'احمد نايل محمد الدرابيع', '32101002029'),
(1898, 'آصال حمد نايف السيوف', '32201002504'),
(1899, 'افنان هاني علي ناصر', '32201002054'),
(1900, 'ايسر محمد عصام افتيحه', '32201002015'),
(1901, 'ايمان غالب موسى العمران', '32301002192'),
(1902, 'ايه رائد محمد السعودي', '32201002524'),
(1903, 'بتول محمود احسان محمد', '32201002084'),
(1904, 'بشرى عادل احمد الزعبي', '32301002004'),
(1905, 'بيسان رائد خالد العبسي', '32201002094'),
(1906, 'تسنيم وائل بشير علي', '32201002019'),
(1907, 'حازم ناجح عوض الجبور', '32201002106'),
(1908, 'حسام عبد الله رشدي العاروري', '32001002507'),
(1909, 'داليا ربحي ابراهيم طوالبه', '32001002046'),
(1910, 'دانيه ايمن ربحي حسن', '32201002043'),
(1911, 'دعاء محمد راضي عبيدات', '32201002034'),
(1912, 'رنيم مصطفى عيسى عثمان', '32201002128'),
(1913, 'رهف محمد حمود العمايره', '32201002044'),
(1914, 'ساجده زياد فتحي الحيت', '32201002502'),
(1915, 'ساره ناصر احمد المناصير', '32201002098'),
(1916, 'ساره وسام حسن السكافي', '32201002109'),
(1917, 'سجود محمد يوسف نباص', '32101002098'),
(1918, 'سديل عمر احمد الدراس', '32201002031'),
(1919, 'عبد الرحمن محمد عبد الرحمن دوجان', '32201002076'),
(1920, 'عبد الله عبد الحميد عيد الرحامنه', '32201002041'),
(1921, 'عبد الله محمد حسن عبد الله', '32201002514'),
(1922, 'عبدالله خلف رجا ابو وندى', '32101002083'),
(1923, 'عروب عمار غالب الصمادي', '31601002077'),
(1924, 'لانا زياد علي قوقزه', '32201002508'),
(1925, 'لمى احمد حسين مصطفى', '32201002050'),
(1926, 'ليليان فداء مصطفى مصطفى', '32301002015'),
(1927, 'مازن احمد عبد الحافظ العمارات', '32101002038'),
(1928, 'محمد احمد حسن الترك', '32101002065'),
(1929, 'محمد علي سالم البلاونه', '32101002046'),
(1930, 'محمد كمال جلال عربيات', '32201002137'),
(1931, 'مريم عبد الكريم يوسف المغربي', '32201002122'),
(1932, 'نادر اسامه محمود الخالدي', '32101002053'),
(1933, 'نرجس محمد حسين المصرى', '32301002008'),
(1934, 'نوال علي سالم الصلاج', '32301002005'),
(1935, 'نور سامر محمد العقاربه', '32201002032'),
(1936, 'هديل سلامه سليمان الغريب', '32301002063');

-- --------------------------------------------------------

--
-- Table structure for table `student_courses`
--

CREATE TABLE `student_courses` (
  `StudentCourseID` int(11) NOT NULL,
  `StudentID` int(11) NOT NULL,
  `CourseID` int(11) NOT NULL
) ENGINE=InnoDB DEFAULT CHARSET=utf8mb4 COLLATE=utf8mb4_general_ci;

--
-- Dumping data for table `student_courses`
--

INSERT INTO `student_courses` (`StudentCourseID`, `StudentID`, `CourseID`) VALUES
(114, 1681, 112),
(161, 1682, 112),
(98, 1683, 112),
(113, 1684, 112),
(383, 1685, 97),
(329, 1685, 110),
(158, 1685, 112),
(289, 1686, 110),
(102, 1686, 112),
(145, 1687, 112),
(100, 1688, 112),
(7, 1689, 111),
(5, 1690, 111),
(2, 1691, 111),
(125, 1691, 112),
(29, 1692, 111),
(25, 1693, 111),
(10, 1694, 111),
(163, 1694, 112),
(261, 1695, 103),
(3, 1695, 111),
(27, 1696, 111),
(9, 1697, 111),
(1, 1698, 111),
(6, 1699, 111),
(17, 1700, 111),
(19, 1701, 111),
(170, 1701, 112),
(14, 1702, 111),
(166, 1702, 112),
(23, 1703, 111),
(26, 1704, 111),
(172, 1704, 112),
(11, 1705, 111),
(164, 1705, 112),
(28, 1706, 111),
(12, 1707, 111),
(165, 1707, 112),
(21, 1708, 111),
(171, 1708, 112),
(18, 1709, 111),
(168, 1709, 112),
(16, 1710, 111),
(13, 1711, 111),
(20, 1712, 111),
(8, 1713, 111),
(15, 1714, 111),
(4, 1715, 111),
(24, 1716, 111),
(22, 1717, 111),
(50, 1718, 113),
(64, 1719, 113),
(62, 1720, 113),
(36, 1721, 113),
(55, 1722, 113),
(180, 1723, 112),
(63, 1723, 113),
(138, 1724, 112),
(43, 1724, 113),
(38, 1725, 113),
(51, 1726, 113),
(176, 1727, 112),
(60, 1727, 113),
(54, 1728, 113),
(56, 1729, 113),
(46, 1730, 113),
(49, 1731, 113),
(53, 1732, 113),
(65, 1733, 113),
(146, 1734, 112),
(48, 1734, 113),
(57, 1735, 113),
(42, 1736, 113),
(66, 1737, 113),
(58, 1738, 113),
(45, 1739, 113),
(37, 1740, 113),
(59, 1741, 113),
(47, 1742, 113),
(39, 1743, 113),
(40, 1744, 113),
(41, 1745, 113),
(52, 1746, 113),
(44, 1747, 113),
(61, 1748, 113),
(88, 1749, 113),
(90, 1750, 113),
(78, 1751, 113),
(81, 1752, 113),
(91, 1753, 113),
(86, 1754, 113),
(67, 1755, 113),
(174, 1756, 112),
(83, 1756, 113),
(89, 1757, 113),
(79, 1758, 113),
(73, 1759, 113),
(92, 1760, 113),
(84, 1761, 113),
(77, 1762, 113),
(80, 1763, 113),
(70, 1764, 113),
(76, 1765, 113),
(69, 1766, 113),
(94, 1767, 113),
(75, 1768, 113),
(85, 1769, 113),
(96, 1770, 113),
(87, 1771, 113),
(72, 1772, 113),
(97, 1773, 113),
(74, 1774, 113),
(95, 1775, 113),
(93, 1776, 113),
(68, 1777, 113),
(82, 1778, 113),
(71, 1779, 113),
(184, 1780, 112),
(151, 1781, 112),
(135, 1782, 112),
(129, 1783, 112),
(104, 1784, 112),
(132, 1785, 112),
(160, 1786, 112),
(309, 1787, 110),
(122, 1787, 112),
(111, 1788, 112),
(139, 1789, 112),
(185, 1790, 112),
(137, 1791, 112),
(186, 1792, 112),
(298, 1793, 110),
(120, 1793, 112),
(133, 1794, 112),
(144, 1795, 112),
(167, 1796, 112),
(337, 1797, 110),
(183, 1797, 112),
(150, 1798, 112),
(103, 1799, 112),
(106, 1800, 112),
(116, 1801, 112),
(175, 1802, 112),
(152, 1803, 112),
(134, 1804, 112),
(110, 1805, 112),
(109, 1806, 112),
(153, 1807, 112),
(177, 1808, 112),
(169, 1809, 112),
(147, 1810, 112),
(112, 1811, 112),
(178, 1812, 112),
(130, 1813, 112),
(159, 1814, 112),
(108, 1815, 112),
(107, 1816, 112),
(124, 1817, 112),
(148, 1818, 112),
(141, 1819, 112),
(149, 1820, 112),
(173, 1821, 112),
(162, 1822, 112),
(182, 1823, 112),
(117, 1824, 112),
(382, 1825, 97),
(156, 1825, 112),
(291, 1826, 110),
(119, 1826, 112),
(131, 1827, 112),
(288, 1828, 110),
(101, 1828, 112),
(136, 1829, 112),
(127, 1830, 112),
(143, 1831, 112),
(181, 1832, 112),
(126, 1833, 112),
(312, 1834, 110),
(123, 1834, 112),
(142, 1835, 112),
(99, 1836, 112),
(118, 1837, 112),
(300, 1838, 110),
(121, 1838, 112),
(140, 1839, 112),
(105, 1840, 112),
(157, 1841, 112),
(128, 1842, 112),
(115, 1843, 112),
(154, 1844, 112),
(328, 1845, 110),
(155, 1845, 112),
(179, 1846, 112),
(372, 1847, 97),
(269, 1847, 103),
(233, 1848, 103),
(297, 1848, 110),
(236, 1849, 103),
(303, 1849, 110),
(239, 1850, 103),
(305, 1850, 110),
(240, 1851, 103),
(306, 1851, 110),
(263, 1852, 103),
(321, 1852, 110),
(250, 1853, 103),
(316, 1853, 110),
(225, 1854, 103),
(252, 1855, 103),
(354, 1856, 97),
(228, 1856, 103),
(292, 1856, 110),
(255, 1857, 103),
(319, 1857, 110),
(227, 1858, 103),
(290, 1858, 110),
(235, 1859, 103),
(301, 1859, 110),
(273, 1860, 103),
(330, 1860, 110),
(272, 1861, 103),
(244, 1862, 103),
(256, 1863, 103),
(247, 1864, 103),
(313, 1864, 110),
(234, 1865, 103),
(257, 1866, 103),
(320, 1866, 110),
(364, 1867, 97),
(245, 1867, 103),
(253, 1868, 103),
(318, 1868, 110),
(262, 1869, 103),
(365, 1870, 97),
(249, 1870, 103),
(315, 1870, 110),
(271, 1871, 103),
(274, 1872, 103),
(333, 1872, 110),
(241, 1873, 103),
(251, 1874, 103),
(317, 1874, 110),
(362, 1875, 97),
(242, 1875, 103),
(308, 1875, 110),
(246, 1876, 103),
(311, 1876, 110),
(259, 1877, 103),
(231, 1878, 103),
(295, 1878, 110),
(237, 1879, 103),
(369, 1880, 97),
(267, 1880, 103),
(323, 1880, 110),
(366, 1881, 97),
(254, 1881, 103),
(258, 1882, 103),
(232, 1883, 103),
(296, 1883, 110),
(229, 1884, 103),
(293, 1884, 110),
(226, 1885, 103),
(248, 1886, 103),
(314, 1886, 110),
(266, 1887, 103),
(322, 1887, 110),
(373, 1888, 97),
(270, 1888, 103),
(243, 1889, 103),
(310, 1889, 110),
(368, 1890, 97),
(265, 1890, 103),
(367, 1891, 97),
(264, 1891, 103),
(260, 1892, 103),
(238, 1893, 103),
(304, 1893, 110),
(230, 1894, 103),
(294, 1894, 110),
(402, 1895, 97),
(359, 1896, 97),
(355, 1897, 97),
(394, 1898, 97),
(336, 1898, 110),
(381, 1899, 97),
(370, 1900, 97),
(404, 1901, 97),
(341, 1901, 110),
(397, 1902, 97),
(385, 1903, 97),
(331, 1903, 110),
(398, 1904, 97),
(338, 1904, 110),
(386, 1905, 97),
(371, 1906, 97),
(268, 1906, 103),
(324, 1906, 110),
(388, 1907, 97),
(353, 1908, 97),
(352, 1909, 97),
(378, 1910, 97),
(376, 1911, 97),
(391, 1912, 97),
(276, 1912, 103),
(335, 1912, 110),
(379, 1913, 97),
(393, 1914, 97),
(387, 1915, 97),
(332, 1915, 110),
(389, 1916, 97),
(275, 1916, 103),
(363, 1917, 97),
(374, 1918, 97),
(325, 1918, 110),
(384, 1919, 97),
(377, 1920, 97),
(327, 1920, 110),
(396, 1921, 97),
(361, 1922, 97),
(307, 1922, 110),
(351, 1923, 97),
(395, 1924, 97),
(380, 1925, 97),
(401, 1926, 97),
(340, 1926, 110),
(356, 1927, 97),
(360, 1928, 97),
(302, 1928, 110),
(357, 1929, 97),
(299, 1929, 110),
(392, 1930, 97),
(390, 1931, 97),
(334, 1931, 110),
(358, 1932, 97),
(400, 1933, 97),
(339, 1933, 110),
(399, 1934, 97),
(375, 1935, 97),
(326, 1935, 110),
(403, 1936, 97);

--
-- Indexes for dumped tables
--

--
-- Indexes for table `admin`
--
ALTER TABLE `admin`
  ADD PRIMARY KEY (`AdminID`),
  ADD UNIQUE KEY `UserName` (`username`);

--
-- Indexes for table `classrooms`
--
ALTER TABLE `classrooms`
  ADD PRIMARY KEY (`ClassRoomID`),
  ADD UNIQUE KEY `ClassRoomNumber` (`ClassRoomNumber`),
  ADD KEY `fk_classroom_exam` (`ExamID`);

--
-- Indexes for table `courses`
--
ALTER TABLE `courses`
  ADD PRIMARY KEY (`CourseID`),
  ADD UNIQUE KEY `CourseNum` (`CourseNum`),
  ADD UNIQUE KEY `CourseName` (`CourseName`),
  ADD KEY `ClassRoomID` (`ClassRoomID`),
  ADD KEY `DepartmentID` (`DepartmentID`),
  ADD KEY `InstructorID` (`InstructorID`),
  ADD KEY `fk_courses_depthead` (`DeptHeadID`);

--
-- Indexes for table `department`
--
ALTER TABLE `department`
  ADD PRIMARY KEY (`DepartmentID`),
  ADD UNIQUE KEY `DepartmentNumber` (`DepartmentNumber`),
  ADD UNIQUE KEY `DepartmentName` (`DepartmentName`),
  ADD KEY `DepHeadID` (`DepHeadID`);

--
-- Indexes for table `departmenthead`
--
ALTER TABLE `departmenthead`
  ADD PRIMARY KEY (`DepHeadID`),
  ADD UNIQUE KEY `UserName` (`UserId`),
  ADD UNIQUE KEY `Name` (`DepHeadID`);

--
-- Indexes for table `exam`
--
ALTER TABLE `exam`
  ADD PRIMARY KEY (`ExamID`),
  ADD KEY `InstructorID` (`InstructorID`),
  ADD KEY `CourseID` (`CourseID`),
  ADD KEY `ClassRoomID` (`ClassRoomID`);

--
-- Indexes for table `instructor`
--
ALTER TABLE `instructor`
  ADD PRIMARY KEY (`InstructorID`),
  ADD UNIQUE KEY `InstructorNum` (`InstructorNum`),
  ADD UNIQUE KEY `InstructorFullName` (`InstructorFullName`),
  ADD KEY `DepartmentID` (`DepartmentID`);

--
-- Indexes for table `non-conflicting`
--
ALTER TABLE `non-conflicting`
  ADD PRIMARY KEY (`id`);

--
-- Indexes for table `students`
--
ALTER TABLE `students`
  ADD PRIMARY KEY (`id`),
  ADD UNIQUE KEY `student_id` (`student_id`);

--
-- Indexes for table `student_courses`
--
ALTER TABLE `student_courses`
  ADD PRIMARY KEY (`StudentCourseID`),
  ADD UNIQUE KEY `idx_student_course` (`StudentID`,`CourseID`),
  ADD KEY `fk_student_courses_course` (`CourseID`);

--
-- AUTO_INCREMENT for dumped tables
--

--
-- AUTO_INCREMENT for table `classrooms`
--
ALTER TABLE `classrooms`
  MODIFY `ClassRoomID` int(11) NOT NULL AUTO_INCREMENT, AUTO_INCREMENT=19;

--
-- AUTO_INCREMENT for table `courses`
--
ALTER TABLE `courses`
  MODIFY `CourseID` int(11) NOT NULL AUTO_INCREMENT, AUTO_INCREMENT=114;

--
-- AUTO_INCREMENT for table `department`
--
ALTER TABLE `department`
  MODIFY `DepartmentID` int(11) NOT NULL AUTO_INCREMENT, AUTO_INCREMENT=4;

--
-- AUTO_INCREMENT for table `departmenthead`
--
ALTER TABLE `departmenthead`
  MODIFY `DepHeadID` int(11) NOT NULL AUTO_INCREMENT, AUTO_INCREMENT=42;

--
-- AUTO_INCREMENT for table `exam`
--
ALTER TABLE `exam`
  MODIFY `ExamID` int(11) NOT NULL AUTO_INCREMENT, AUTO_INCREMENT=24;

--
-- AUTO_INCREMENT for table `non-conflicting`
--
ALTER TABLE `non-conflicting`
  MODIFY `id` int(11) NOT NULL AUTO_INCREMENT, AUTO_INCREMENT=15;

--
-- AUTO_INCREMENT for table `students`
--
ALTER TABLE `students`
  MODIFY `id` int(11) NOT NULL AUTO_INCREMENT, AUTO_INCREMENT=1937;

--
-- AUTO_INCREMENT for table `student_courses`
--
ALTER TABLE `student_courses`
  MODIFY `StudentCourseID` int(11) NOT NULL AUTO_INCREMENT, AUTO_INCREMENT=405;

--
-- Constraints for dumped tables
--

--
-- Constraints for table `classrooms`
--
ALTER TABLE `classrooms`
  ADD CONSTRAINT `fk_classroom_exam` FOREIGN KEY (`ExamID`) REFERENCES `exam` (`ExamID`);

--
-- Constraints for table `courses`
--
ALTER TABLE `courses`
  ADD CONSTRAINT `courses_ibfk_1` FOREIGN KEY (`ClassRoomID`) REFERENCES `classrooms` (`ClassRoomID`),
  ADD CONSTRAINT `courses_ibfk_2` FOREIGN KEY (`DepartmentID`) REFERENCES `department` (`DepartmentID`),
  ADD CONSTRAINT `courses_ibfk_3` FOREIGN KEY (`InstructorID`) REFERENCES `instructor` (`InstructorID`),
  ADD CONSTRAINT `fk_courses_depthead` FOREIGN KEY (`DeptHeadID`) REFERENCES `departmenthead` (`DepHeadID`) ON DELETE SET NULL ON UPDATE CASCADE;

--
-- Constraints for table `department`
--
ALTER TABLE `department`
  ADD CONSTRAINT `department_ibfk_1` FOREIGN KEY (`DepHeadID`) REFERENCES `departmenthead` (`DepHeadID`);

--
-- Constraints for table `exam`
--
ALTER TABLE `exam`
  ADD CONSTRAINT `exam_ibfk_1` FOREIGN KEY (`InstructorID`) REFERENCES `instructor` (`InstructorID`),
  ADD CONSTRAINT `exam_ibfk_2` FOREIGN KEY (`CourseID`) REFERENCES `courses` (`CourseID`),
  ADD CONSTRAINT `exam_ibfk_3` FOREIGN KEY (`ClassRoomID`) REFERENCES `classrooms` (`ClassRoomID`);

--
-- Constraints for table `instructor`
--
ALTER TABLE `instructor`
  ADD CONSTRAINT `instructor_ibfk_1` FOREIGN KEY (`DepartmentID`) REFERENCES `department` (`DepartmentID`);

--
-- Constraints for table `student_courses`
--
ALTER TABLE `student_courses`
  ADD CONSTRAINT `fk_student_courses_course` FOREIGN KEY (`CourseID`) REFERENCES `courses` (`CourseID`) ON DELETE CASCADE ON UPDATE CASCADE,
  ADD CONSTRAINT `fk_student_courses_student` FOREIGN KEY (`StudentID`) REFERENCES `students` (`id`) ON DELETE CASCADE ON UPDATE CASCADE;
COMMIT;

/*!40101 SET CHARACTER_SET_CLIENT=@OLD_CHARACTER_SET_CLIENT */;
/*!40101 SET CHARACTER_SET_RESULTS=@OLD_CHARACTER_SET_RESULTS */;
/*!40101 SET COLLATION_CONNECTION=@OLD_COLLATION_CONNECTION */;
